age_bin,n_cases,truth_mean,estimate_mean,bias,mae,mse,empirical_coverage,mean_interval_width
"(19.999, 30.0]",1,29.2320499420166,39.224735260009766,9.992685317993164,9.992685317993164,99.85375986443614,0.0,8.894195556640625
"(30.0, 40.0]",20,37.645725917816165,41.450657272338866,3.8049313545227053,3.8650120735168456,23.21934214457524,0.7,10.360704231262208
"(40.0, 50.0]",400,46.33192852020264,49.40748797416687,3.0755594539642335,3.9627599620819094,25.418066581671557,0.765,11.342167501449586
"(50.0, 60.0]",701,55.23791679132002,55.85607821455015,0.6181614232301372,3.5155323752322993,20.44501435111116,0.8174037089871612,11.958186303327835
"(60.0, 70.0]",555,64.3692293046831,62.867427317301434,-1.5018019873816688,3.8637005573994405,23.094804616636246,0.7855855855855856,12.169681803385417
"(70.0, 80.0]",246,74.02927538243736,71.41542006701958,-2.613855315417778,4.240412952454109,29.613704007753192,0.7235772357723578,11.494047676644675
"(80.0, 90.0]",73,83.30273928707594,80.26436447770628,-3.0383748093696488,4.517533393755351,29.266086899603668,0.6438356164383562,10.386696959195072
"(90.0, 100.0]",3,95.03847757975261,91.98361460367839,-3.0548629760742188,3.1812006632486978,21.361784527718555,0.6666666666666666,7.936485290527344
"(100.0, 110.0]",1,100.62828063964844,104.02687072753906,3.398590087890625,3.398590087890625,11.550414585508406,1.0,7.5517578125
