n_cases,correlation_r,mae,rmse,bias,prior_std_normalized_rmse
2000.0,0.8856964245847739,3.8335013160705564,4.867138284224808,0.02278519058227539,0.45546936636389374
