n_cases,correlation_r,mae,rmse,bias,prior_std_normalized_rmse
2000.0,0.6118776461705464,6.167134023666382,7.766791678770344,-0.06507194328308105,0.7919764038386327
