n_cases,correlation_r,mae,rmse,bias,prior_std_normalized_rmse
2000.0,0.6904911063426364,5.674672912597656,7.105071162111006,0.09761322021484375,0.7245010476291204
