n_cases,correlation_r,mae,rmse,bias,prior_std_normalized_rmse
2000.0,0.8730662847669177,3.800361457824707,4.783903534812032,0.05990695190429687,0.48781258394858834
